subject,age,gender,ProlificCode
8662148,36,Female,5bff44c65388d300017e5cf1
17040152,24,Female,5ac3b688fa3b4e0001735a24
48221261,19,Male,5b01b3dfa496b300013d5733
49302935,33,Trans man,5b151ac3444cef0001cb0077
66170298,41,Female,5c5c059e25ba03000133f0f3
77923792,28,Female,5c5415ef6a5931000010bd541
85657314,45,FEMALE,56e99d054111eb000c77885b
128456418,33,male,5ba416ce509a380001bef970
136535858,33,female,57b75b0383e3ed00019b0d67
140926942,26,Female,5bc79ecb7fde8000012a7abe
188096480,23,female,58487b9851f36
209736318,20,Female,5c797a4cde6f7900160c3ec9
251978747,34,f,5c2fbaa589f035000176533a
254999475,25,female,5b24cbcba7cee100011d74d4
257822952,24,Male,5b258c9ba7cee100011d8aad
270946760,57,Male,5c4611a23190b40001732cef
275419729,34,FEMALE,5b43619047745e0001e25eba
289903599,23,Male,5c708c47bc6ab00001d7a8e0
333573261,26,male,5b655167dc84c6000173c4d8
410460513,23,female,5c49e145b54bd00001badf83
471036609,19,male,5c3d5129a9bfb4000168e299
480092920,54,male,5601478877f33b0010cb2bfc
534136869,28,female,59493f2d16fdce00011be1be
563278836,34,female,59eb3f862f63d30001c8ffe5
582774425,32,Female,5b2bb00bfc75870001983add
593939458,22,Male,5630b79b733ea00011164946
678527034,27,Male,5b1659a24c72120001f193c6
688124465,19,male,5c2f6f539024a9000198f705
695360630,32,male,59d75f6be3a465000104b4e2
702310898,32,female,59819492fc90e000011c5d04
737199599,20,female,5b799224338a93000154bd33
737239526,37,Female,5c4ce29ad7c9720001295e1b
759411691,23,male,5bb78bfc2638cf00015aff45
767208038,34,Female,54230df2fdf99b328baf8e89
810765108,45,male,59a57efccf8b8d0001771f10
840732580,35,Male,5bf001c94863520001b1ca03
862282735,40,Male,58e38be401a35e00019a791b
867395522,22,Female,59e76dcc5de9b000017ed285
888781862,38,Male,57fb71185babd2000141049a
897979749,31,M,552845ddfdf99b3402cfc6ff
898435423,21,Male,57cd4bad3be60c0001015554
902383427,32,FEMALE,5bb68e9dc9fbd80001039fa9
918119646,20,Female,5c1d289f2c45d40001473f0d
926703949,28,Female,5c3b121c688b59000102d6ed
927208245,20,Male,583b08c8dd48b20001b12857
979025654,31,male,5a69f41df10cdb0001b10329
